{
	"name": "avgrund",
	"version": "1.3.1",
	"title": "Avgrund Popins",
	"description": "Avgrund is a jquery plugin for modal boxes and popups. It uses new concept showing depth between popup and page. It works in all modern browsers and gracefully degrade in those that do not support CSS transitions and transformations",
	"keywords": [
		"popin",
		"modal",
		"popup",
		"ui",
		"lightbox"
	],
	"author": {
		"name": "Dmitri Voronianski",
		"email": "dmitri.voronianski@gmail.com",
		"url": "http://pixelhunter.me"
	},
	"licenses": [
		{
			"type": "MIT",
			"url": "http://opensource.org/licenses/MIT"
		}
	],
	"bugs": "https://github.com/voronianski/jquery.avgrund.js/issues",
	"docs": "https://github.com/voronianski/jquery.avgrund.js",
	"homepage": "http://labs.voronianski.com/jquery.avgrund.js",
	"dependencies": {
		"jquery": ">=1.4"
	}
}